side,entry_time,entry_price,exit_time,exit_price,exit_reason,pnl_pts,cum_pnl_pts
short,2023-01-04 01:00:00+00:00,16701.63,2023-01-04 03:00:00+00:00,16797.584285714285,stop,-95.9542857142842,-95.9542857142842
long,2023-01-04 06:00:00+00:00,16878.87,2023-01-04 15:00:00+00:00,16786.59857142857,stop,-92.27142857142826,-188.22571428571246
short,2023-01-06 01:00:00+00:00,16827.45,2023-01-06 09:00:00+00:00,16800.128571428573,trail_stop,27.321428571427532,-160.90428571428492
long,2023-01-07 00:00:00+00:00,16978.15,2023-01-08 15:00:00+00:00,16992.827714285715,trail_stop,14.677714285713591,-146.22657142857133
short,2023-01-18 18:00:00+00:00,20936.37,2023-01-19 06:00:00+00:00,20806.27342857143,trail_stop,130.09657142857031,-16.13000000000102
long,2023-01-20 07:00:00+00:00,20958.43,2023-01-20 12:00:00+00:00,21005.726,trail_stop,47.29599999999846,31.16599999999744
short,2023-01-22 22:00:00+00:00,22676.48,2023-01-23 14:00:00+00:00,23070.261428571426,stop,-393.78142857142666,-362.6154285714292
long,2023-01-23 21:00:00+00:00,22996.82,2023-01-24 09:00:00+00:00,22997.01057142857,trail_stop,0.19057142857127474,-362.42485714285795
short,2023-01-25 02:00:00+00:00,22550.24,2023-01-25 15:00:00+00:00,22491.708857142858,trail_stop,58.531142857144005,-303.89371428571394
long,2023-01-26 04:00:00+00:00,23178.7,2023-01-27 01:00:00+00:00,22611.508571428574,stop,-567.1914285714265,-871.0851428571405
short,2023-01-27 13:00:00+00:00,22900.53,2023-01-27 17:00:00+00:00,23218.87,stop,-318.34000000000015,-1189.4251428571406
long,2023-01-27 23:00:00+00:00,23074.16,2023-01-28 10:00:00+00:00,23078.127714285714,trail_stop,3.9677142857144645,-1185.4574285714261
short,2023-01-28 23:00:00+00:00,23021.4,2023-01-29 01:00:00+00:00,23152.34142857143,stop,-130.94142857143015,-1316.3988571428563
long,2023-01-29 01:00:00+00:00,23231.22,2023-01-29 10:00:00+00:00,23341.673714285713,trail_stop,110.45371428571161,-1205.9451428571447
short,2023-01-30 20:00:00+00:00,22697.83,2023-01-31 05:00:00+00:00,22696.872857142855,trail_stop,0.9571428571471188,-1204.9879999999976
long,2023-02-01 05:00:00+00:00,23118.68,2023-02-01 19:00:00+00:00,23302.95857142857,trail_stop,184.278571428571,-1020.7094285714265
short,2023-02-03 12:00:00+00:00,23524.2,2023-02-03 13:00:00+00:00,23377.88342857143,trail_stop,146.31657142857148,-874.3928571428551
long,2023-02-07 17:00:00+00:00,23282.92,2023-02-07 18:00:00+00:00,23047.64571428571,stop,-235.27428571428754,-1109.6671428571426
short,2023-02-09 01:00:00+00:00,22948.13,2023-02-09 03:00:00+00:00,22615.182285714287,trail_stop,332.947714285714,-776.7194285714286
long,2023-02-12 03:00:00+00:00,21781.38,2023-02-12 09:00:00+00:00,21872.565428571426,trail_stop,91.18542857142529,-685.5340000000033
short,2023-02-13 12:00:00+00:00,21658.15,2023-02-13 16:00:00+00:00,21584.34742857143,trail_stop,73.80257142857226,-611.731428571431
long,2023-02-14 15:00:00+00:00,22040.52,2023-02-15 04:00:00+00:00,22122.431714285714,trail_stop,81.91171428571397,-529.819714285717
short,2023-02-17 12:00:00+00:00,23870.38,2023-02-17 16:00:00+00:00,24286.611428571432,stop,-416.231428571431,-946.0511428571481
long,2023-02-18 05:00:00+00:00,24641.8,2023-02-18 18:00:00+00:00,24729.059714285715,trail_stop,87.25971428571575,-858.7914285714323
short,2023-02-19 23:00:00+00:00,24272.51,2023-02-20 01:00:00+00:00,24137.12542857143,trail_stop,135.38457142856714,-723.4068571428652
long,2023-02-20 19:00:00+00:00,24872.18,2023-02-21 02:00:00+00:00,24891.06171428571,trail_stop,18.881714285711496,-704.5251428571537
short,2023-02-21 22:00:00+00:00,24383.8,2023-02-22 02:00:00+00:00,24160.312285714284,trail_stop,223.4877142857149,-481.0374285714388
long,2023-02-23 16:00:00+00:00,23760.23,2023-02-23 22:00:00+00:00,23773.41857142857,trail_stop,13.188571428570867,-467.8488571428679
short,2023-02-23 23:00:00+00:00,23940.2,2023-02-24 08:00:00+00:00,23923.696285714286,trail_stop,16.503714285714523,-451.3451428571534
long,2023-02-26 14:00:00+00:00,23194.36,2023-02-26 18:00:00+00:00,23406.905428571426,trail_stop,212.54542857142587,-238.79971428572753
short,2023-02-28 10:00:00+00:00,23363.9,2023-02-28 16:00:00+00:00,23590.557142857142,stop,-226.65714285714057,-465.4568571428681
long,2023-03-01 07:00:00+00:00,23716.06,2023-03-01 08:00:00+00:00,23757.108857142855,trail_stop,41.048857142854104,-424.408000000014
short,2023-03-02 12:00:00+00:00,23354.61,2023-03-02 14:00:00+00:00,23332.850000000002,trail_stop,21.7599999999984,-402.6480000000156
long,2023-03-05 06:00:00+00:00,22415.76,2023-03-05 17:00:00+00:00,22424.064857142857,trail_stop,8.304857142858964,-394.34314285715664
short,2023-03-07 13:00:00+00:00,22363.53,2023-03-07 14:00:00+00:00,22285.587714285713,trail_stop,77.94228571428539,-316.40085714287125
long,2023-03-11 17:00:00+00:00,20245.48,2023-03-11 23:00:00+00:00,20355.190857142858,trail_stop,109.710857142858,-206.69000000001324
short,2023-03-15 18:00:00+00:00,24410.66,2023-03-16 07:00:00+00:00,24395.36742857143,trail_stop,15.292571428570227,-191.39742857144302
long,2023-03-16 20:00:00+00:00,24698.41,2023-03-16 21:00:00+00:00,24728.780285714285,trail_stop,30.370285714285274,-161.02714285715774
short,2023-03-19 12:00:00+00:00,27246.96,2023-03-19 15:00:00+00:00,27628.221428571425,stop,-381.2614285714262,-542.288571428584
long,2023-03-19 19:00:00+00:00,28255.35,2023-03-20 01:00:00+00:00,27688.737142857142,stop,-566.6128571428562,-1108.9014285714402
short,2023-03-21 17:00:00+00:00,27988.69,2023-03-22 14:00:00+00:00,28624.484285714283,stop,-635.7942857142843,-1744.6957142857245
short,2023-03-23 00:00:00+00:00,27322.27,2023-03-23 12:00:00+00:00,27317.975142857144,trail_stop,4.294857142856927,-1740.4008571428676
long,2023-03-24 00:00:00+00:00,28195.29,2023-03-24 21:00:00+00:00,27432.710000000003,stop,-762.5799999999981,-2502.9808571428657
short,2023-03-25 01:00:00+00:00,27498.54,2023-03-25 11:00:00+00:00,27495.723714285712,trail_stop,2.8162857142888242,-2500.164571428577
long,2023-03-26 14:00:00+00:00,27795.22,2023-03-26 22:00:00+00:00,27839.873714285717,trail_stop,44.65371428571598,-2455.510857142861
short,2023-03-27 18:00:00+00:00,27090.8,2023-03-28 06:00:00+00:00,27024.836285714286,trail_stop,65.96371428571365,-2389.5471428571473
long,2023-03-29 07:00:00+00:00,28086.82,2023-03-29 08:00:00+00:00,28357.150285714284,trail_stop,270.3302857142844,-2119.216857142863
short,2023-03-31 03:00:00+00:00,28168.41,2023-03-31 07:00:00+00:00,27810.696857142855,trail_stop,357.7131428571447,-1761.5037142857182
long,2023-04-01 03:00:00+00:00,28541.1,2023-04-02 15:00:00+00:00,28135.307142857142,stop,-405.7928571428565,-2167.2965714285747
long,2023-04-04 17:00:00+00:00,28226.98,2023-04-05 00:00:00+00:00,28488.23,trail_stop,261.25,-1906.0465714285747
short,2023-04-06 03:00:00+00:00,28128.42,2023-04-06 07:00:00+00:00,28082.632285714288,trail_stop,45.787714285710535,-1860.2588571428641
long,2023-04-08 10:00:00+00:00,28011.61,2023-04-09 06:00:00+00:00,27854.944285714286,stop,-156.66571428571478,-2016.924571428579
short,2023-04-09 11:00:00+00:00,27930.2,2023-04-09 14:00:00+00:00,27887.51685714286,trail_stop,42.68314285714223,-1974.2414285714367
long,2023-04-09 22:00:00+00:00,28371.38,2023-04-10 15:00:00+00:00,28452.57314285714,trail_stop,81.19314285714063,-1893.048285714296
short,2023-04-12 20:00:00+00:00,29947.48,2023-04-13 14:00:00+00:00,30381.658571428572,stop,-434.17857142857247,-2327.2268571428685
long,2023-04-13 14:00:00+00:00,30435.33,2023-04-14 00:00:00+00:00,30575.326571428574,trail_stop,139.99657142857177,-2187.2302857142968
short,2023-04-15 06:00:00+00:00,30390.99,2023-04-15 15:00:00+00:00,30386.387142857144,trail_stop,4.602857142857829,-2182.627428571439
long,2023-04-18 18:00:00+00:00,30144.5,2023-04-18 20:00:00+00:00,30189.736285714287,trail_stop,45.23628571428708,-2137.391142857152
short,2023-04-19 17:00:00+00:00,29318.14,2023-04-19 21:00:00+00:00,29128.754,trail_stop,189.3859999999986,-1948.0051428571533
long,2023-04-23 08:00:00+00:00,27710.51,2023-04-23 15:00:00+00:00,27436.667142857143,stop,-273.8428571428558,-2221.848000000009
short,2023-04-24 10:00:00+00:00,27418.91,2023-04-24 16:00:00+00:00,27298.851714285713,trail_stop,120.0582857142872,-2101.789714285722
long,2023-04-25 22:00:00+00:00,28233.26,2023-04-26 06:00:00+00:00,28347.41657142857,trail_stop,114.15657142857162,-1987.6331428571502
short,2023-04-29 08:00:00+00:00,29313.86,2023-04-29 17:00:00+00:00,29146.900285714284,trail_stop,166.95971428571647,-1820.6734285714338
long,2023-04-30 17:00:00+00:00,29644.37,2023-04-30 19:00:00+00:00,29370.181428571428,stop,-274.18857142857087,-2094.8620000000046
short,2023-05-01 03:00:00+00:00,28561.07,2023-05-01 06:00:00+00:00,28552.743714285716,trail_stop,8.326285714283586,-2086.535714285721
long,2023-05-03 01:00:00+00:00,28542.06,2023-05-03 08:00:00+00:00,28589.889428571427,trail_stop,47.829428571425524,-2038.7062857142955
short,2023-05-06 19:00:00+00:00,28842.82,2023-05-07 04:00:00+00:00,28834.068571428572,trail_stop,8.751428571427823,-2029.9548571428677
long,2023-05-10 12:00:00+00:00,28175.27,2023-05-10 17:00:00+00:00,27921.06142857143,stop,-254.2085714285713,-2284.163428571439
short,2023-05-11 09:00:00+00:00,27417.47,2023-05-11 13:00:00+00:00,27284.75,trail_stop,132.72000000000116,-2151.443428571438
long,2023-05-13 13:00:00+00:00,26821.38,2023-05-13 18:00:00+00:00,26924.642571428572,trail_stop,103.26257142857139,-2048.1808571428664
short,2023-05-16 13:00:00+00:00,26984.84,2023-05-17 07:00:00+00:00,26905.11257142857,trail_stop,79.72742857143021,-1968.4534285714362
long,2023-05-18 03:00:00+00:00,27365.69,2023-05-18 14:00:00+00:00,27024.489999999998,stop,-341.2000000000007,-2309.653428571437
short,2023-05-19 00:00:00+00:00,26885.47,2023-05-19 09:00:00+00:00,26885.426285714286,trail_stop,0.04371428571539582,-2309.6097142857216
long,2023-05-20 15:00:00+00:00,26945.67,2023-05-20 17:00:00+00:00,27080.372571428572,trail_stop,134.70257142857372,-2174.907142857148
short,2023-05-21 22:00:00+00:00,26754.82,2023-05-22 00:00:00+00:00,26683.350571428575,trail_stop,71.46942857142494,-2103.437714285723
long,2023-05-23 03:00:00+00:00,27366.67,2023-05-23 17:00:00+00:00,27368.18,trail_stop,1.5100000000020373,-2101.927714285721
short,2023-05-24 10:00:00+00:00,26730.01,2023-05-24 13:00:00+00:00,26450.500285714283,trail_stop,279.50971428571575,-1822.4180000000051
long,2023-05-26 06:00:00+00:00,26434.4,2023-05-26 09:00:00+00:00,26446.80285714286,trail_stop,12.402857142857101,-1810.015142857148
short,2023-05-30 15:00:00+00:00,27673.08,2023-05-31 04:00:00+00:00,27427.666571428574,trail_stop,245.41342857142808,-1564.60171428572
long,2023-06-02 11:00:00+00:00,27130.75,2023-06-02 13:00:00+00:00,26874.268571428573,stop,-256.4814285714274,-1821.0831428571473
short,2023-06-04 04:00:00+00:00,27054.95,2023-06-04 09:00:00+00:00,27244.63857142857,stop,-189.68857142857087,-2010.7717142857182
long,2023-06-04 20:00:00+00:00,27241.5,2023-06-04 22:00:00+00:00,27361.803142857145,trail_stop,120.30314285714485,-1890.4685714285733
short,2023-06-05 05:00:00+00:00,26816.7,2023-06-05 14:00:00+00:00,26773.861714285715,trail_stop,42.83828571428603,-1847.6302857142873
long,2023-06-07 01:00:00+00:00,27085.82,2023-06-07 09:00:00+00:00,26491.975714285712,stop,-593.8442857142873,-2441.4745714285746
short,2023-06-08 06:00:00+00:00,26427.34,2023-06-08 15:00:00+00:00,26739.82857142857,stop,-312.48857142857014,-2753.9631428571447
long,2023-06-09 06:00:00+00:00,26492.92,2023-06-09 08:00:00+00:00,26526.807142857142,trail_stop,33.88714285714377,-2720.076000000001
short,2023-06-10 04:00:00+00:00,25765.29,2023-06-10 05:00:00+00:00,25637.599714285716,trail_stop,127.69028571428498,-2592.385714285716
long,2023-06-12 00:00:00+00:00,25965.13,2023-06-12 02:00:00+00:00,25664.251428571428,stop,-300.8785714285732,-2893.264285714289
short,2023-06-14 06:00:00+00:00,25894.53,2023-06-14 12:00:00+00:00,26079.975714285712,stop,-185.44571428571362,-3078.7100000000028
long,2023-06-14 18:00:00+00:00,25915.02,2023-06-14 20:00:00+00:00,25707.088571428572,stop,-207.9314285714281,-3286.641428571431
long,2023-06-16 09:00:00+00:00,25595.96,2023-06-16 14:00:00+00:00,25338.95142857143,stop,-257.0085714285706,-3543.6500000000015
short,2023-06-19 03:00:00+00:00,26403.36,2023-06-19 17:00:00+00:00,26629.27285714286,stop,-225.91285714285914,-3769.5628571428606
long,2023-06-19 22:00:00+00:00,26754.98,2023-06-20 00:00:00+00:00,26800.18742857143,trail_stop,45.20742857142977,-3724.355428571431
short,2023-06-23 14:00:00+00:00,30282.05,2023-06-23 15:00:00+00:00,30609.572857142855,stop,-327.5228571428561,-4051.878285714287
long,2023-06-23 15:00:00+00:00,31238.01,2023-06-23 16:00:00+00:00,30763.514285714286,stop,-474.4957142857129,-4526.374
short,2023-06-25 10:00:00+00:00,30621.28,2023-06-25 20:00:00+00:00,30466.442000000003,trail_stop,154.8379999999961,-4371.536000000004
short,2023-06-25 23:00:00+00:00,30462.67,2023-06-26 01:00:00+00:00,30176.036857142855,trail_stop,286.63314285714296,-4084.9028571428607
long,2023-06-27 14:00:00+00:00,30808.63,2023-06-27 15:00:00+00:00,30483.61142857143,stop,-325.0185714285726,-4409.921428571433
short,2023-06-28 15:00:00+00:00,30411.07,2023-06-28 17:00:00+00:00,30263.569714285713,trail_stop,147.5002857142863,-4262.421142857147
long,2023-06-29 19:00:00+00:00,30584.99,2023-06-30 03:00:00+00:00,30671.678571428572,trail_stop,86.68857142857087,-4175.732571428576
short,2023-07-01 03:00:00+00:00,30398.02,2023-07-02 04:00:00+00:00,30397.857714285714,trail_stop,0.16228571428655414,-4175.57028571429
short,2023-07-05 02:00:00+00:00,30838.0,2023-07-05 08:00:00+00:00,30766.682285714287,trail_stop,71.31771428571301,-4104.252571428577
long,2023-07-08 12:00:00+00:00,30171.85,2023-07-08 16:00:00+00:00,30236.504285714287,trail_stop,64.65428571428856,-4039.598285714288
short,2023-07-09 05:00:00+00:00,30260.67,2023-07-09 14:00:00+00:00,30419.035714285714,stop,-158.3657142857155,-4197.964000000004
long,2023-07-09 14:00:00+00:00,30341.02,2023-07-09 20:00:00+00:00,30188.61857142857,stop,-152.40142857142928,-4350.365428571433
short,2023-07-10 01:00:00+00:00,30048.79,2023-07-10 12:00:00+00:00,30272.905714285716,stop,-224.1157142857155,-4574.481142857148
long,2023-07-10 20:00:00+00:00,30779.01,2023-07-10 21:00:00+00:00,30463.281428571427,stop,-315.72857142857174,-4890.20971428572
short,2023-07-13 02:00:00+00:00,30337.55,2023-07-13 10:00:00+00:00,30635.338571428572,stop,-297.78857142857305,-5187.998285714293
long,2023-07-13 19:00:00+00:00,31606.0,2023-07-13 21:00:00+00:00,31117.812857142857,stop,-488.18714285714304,-5676.185428571436
short,2023-07-15 01:00:00+00:00,30336.45,2023-07-15 18:00:00+00:00,30318.965714285718,trail_stop,17.484285714283033,-5658.701142857153
long,2023-07-16 19:00:00+00:00,30252.94,2023-07-16 22:00:00+00:00,30272.83342857143,trail_stop,19.893428571431286,-5638.807714285722
long,2023-07-17 00:00:00+00:00,30213.99,2023-07-17 01:00:00+00:00,30219.664285714287,trail_stop,5.674285714285361,-5633.1334285714365
short,2023-07-17 10:00:00+00:00,30163.93,2023-07-17 12:00:00+00:00,30163.03142857143,trail_stop,0.8985714285699942,-5632.2348571428665
long,2023-07-19 17:00:00+00:00,29993.19,2023-07-20 05:00:00+00:00,30039.926857142855,trail_stop,46.736857142856024,-5585.4980000000105
short,2023-07-21 00:00:00+00:00,29786.01,2023-07-22 21:00:00+00:00,29784.273428571425,trail_stop,1.7365714285733702,-5583.761428571437
short,2023-07-23 00:00:00+00:00,29778.37,2023-07-23 04:00:00+00:00,29894.325714285715,stop,-115.95571428571566,-5699.717142857153
long,2023-07-23 17:00:00+00:00,30118.5,2023-07-23 18:00:00+00:00,30204.93085714286,trail_stop,86.43085714285917,-5613.286285714294
short,2023-07-24 10:00:00+00:00,29324.0,2023-07-24 15:00:00+00:00,29083.637714285716,trail_stop,240.36228571428364,-5372.92400000001
long,2023-07-26 07:00:00+00:00,29216.61,2023-07-26 14:00:00+00:00,29245.225142857144,trail_stop,28.615142857142928,-5344.308857142867
short,2023-07-28 02:00:00+00:00,29230.0,2023-07-28 09:00:00+00:00,29203.302285714286,trail_stop,26.697714285714028,-5317.611142857153
long,2023-07-29 04:00:00+00:00,29380.92,2023-07-30 10:00:00+00:00,29248.92,stop,-132.0,-5449.611142857153
short,2023-07-30 12:00:00+00:00,29324.01,2023-07-30 13:00:00+00:00,29313.860571428573,trail_stop,10.149428571425233,-5439.461714285728
long,2023-07-30 16:00:00+00:00,29380.01,2023-07-30 19:00:00+00:00,29281.465714285714,stop,-98.54428571428434,-5538.006000000012
short,2023-07-30 19:00:00+00:00,29202.28,2023-07-30 20:00:00+00:00,29134.716285714287,trail_stop,67.5637142857122,-5470.4422857143
long,2023-07-31 03:00:00+00:00,29422.0,2023-07-31 17:00:00+00:00,29177.45142857143,stop,-244.54857142857145,-5714.990857142871
short,2023-07-31 22:00:00+00:00,29210.0,2023-08-01 02:00:00+00:00,28883.96285714286,trail_stop,326.0371428571416,-5388.95371428573
long,2023-08-02 04:00:00+00:00,29675.52,2023-08-02 14:00:00+00:00,29288.158571428572,stop,-387.3614285714284,-5776.315142857158
short,2023-08-03 05:00:00+00:00,29149.0,2023-08-03 08:00:00+00:00,29079.75342857143,trail_stop,69.24657142857177,-5707.068571428586
long,2023-08-04 09:00:00+00:00,29200.12,2023-08-04 13:00:00+00:00,29246.219714285715,trail_stop,46.09971428571589,-5660.968857142871
short,2023-08-04 20:00:00+00:00,28967.5,2023-08-06 21:00:00+00:00,29174.637142857144,stop,-207.13714285714377,-5868.106000000014
short,2023-08-10 06:00:00+00:00,29517.33,2023-08-10 14:00:00+00:00,29711.71428571429,stop,-194.38428571428813,-6062.490285714302
long,2023-08-12 23:00:00+00:00,29430.18,2023-08-13 03:00:00+00:00,29431.04542857143,trail_stop,0.86542857142922,-6061.624857142873
short,2023-08-13 12:00:00+00:00,29390.0,2023-08-13 16:00:00+00:00,29356.98771428571,trail_stop,33.01228571428874,-6028.6125714285845
long,2023-08-14 17:00:00+00:00,29487.29,2023-08-14 18:00:00+00:00,29311.09285714286,stop,-176.19714285714144,-6204.809714285726
short,2023-08-15 12:00:00+00:00,29368.71,2023-08-15 14:00:00+00:00,29456.07571428571,stop,-87.36571428571187,-6292.175428571438
long,2023-08-20 08:00:00+00:00,26112.0,2023-08-20 13:00:00+00:00,26137.276,trail_stop,25.27600000000166,-6266.899428571436
short,2023-08-21 13:00:00+00:00,26129.69,2023-08-21 15:00:00+00:00,25949.059714285715,trail_stop,180.63028571428367,-6086.2691428571525
long,2023-08-23 17:00:00+00:00,26539.35,2023-08-23 19:00:00+00:00,26619.679142857145,trail_stop,80.32914285714651,-6005.940000000006
short,2023-08-25 02:00:00+00:00,26130.95,2023-08-25 08:00:00+00:00,26084.954285714288,trail_stop,45.99571428571289,-5959.944285714293
long,2023-08-26 15:00:00+00:00,26054.0,2023-08-27 01:00:00+00:00,25981.152857142857,stop,-72.8471428571429,-6032.791428571436
long,2023-08-27 12:00:00+00:00,26071.67,2023-08-27 14:00:00+00:00,26146.766571428572,trail_stop,75.09657142857395,-5957.694857142862
short,2023-08-28 10:00:00+00:00,25953.45,2023-08-28 12:00:00+00:00,26091.545714285716,stop,-138.09571428571508,-6095.790571428577
long,2023-08-29 02:00:00+00:00,26104.69,2023-08-29 10:00:00+00:00,25923.654285714285,stop,-181.03571428571377,-6276.826285714291
short,2023-08-29 11:00:00+00:00,25975.54,2023-08-29 14:00:00+00:00,26114.27285714286,stop,-138.73285714285885,-6415.55914285715
long,2023-08-29 14:00:00+00:00,27492.03,2023-08-29 16:00:00+00:00,27849.883714285712,trail_stop,357.85371428571307,-6057.705428571437
short,2023-08-31 09:00:00+00:00,27198.26,2023-08-31 11:00:00+00:00,27336.96857142857,stop,-138.7085714285713,-6196.414000000008
long,2023-09-03 05:00:00+00:00,25900.06,2023-09-03 07:00:00+00:00,25908.343714285715,trail_stop,8.283714285713359,-6188.130285714295
short,2023-09-04 21:00:00+00:00,25677.72,2023-09-05 07:00:00+00:00,25677.614285714284,trail_stop,0.10571428571711294,-6188.0245714285775
long,2023-09-07 12:00:00+00:00,25660.01,2023-09-07 13:00:00+00:00,25707.287142857145,trail_stop,47.27714285714683,-6140.747428571431
short,2023-09-07 13:00:00+00:00,25646.64,2023-09-07 14:00:00+00:00,25757.36142857143,stop,-110.72142857142899,-6251.46885714286
long,2023-09-07 14:00:00+00:00,25768.76,2023-09-07 16:00:00+00:00,25883.393428571428,trail_stop,114.63342857142925,-6136.83542857143
short,2023-09-09 01:00:00+00:00,25865.22,2023-09-09 13:00:00+00:00,25841.536285714286,trail_stop,23.683714285714814,-6113.151714285716
long,2023-09-12 15:00:00+00:00,26205.98,2023-09-12 16:00:00+00:00,26246.826285714287,trail_stop,40.84628571428766,-6072.305428571428
short,2023-09-16 04:00:00+00:00,26555.28,2023-09-16 13:00:00+00:00,26540.365714285716,trail_stop,14.914285714283324,-6057.391142857145
long,2023-09-16 13:00:00+00:00,26550.66,2023-09-17 07:00:00+00:00,26554.320571428572,trail_stop,3.660571428572439,-6053.730571428572
short,2023-09-17 18:00:00+00:00,26494.76,2023-09-17 20:00:00+00:00,26485.185142857143,trail_stop,9.574857142855763,-6044.155714285716
long,2023-09-18 04:00:00+00:00,26621.76,2023-09-18 07:00:00+00:00,26674.42685714286,trail_stop,52.66685714285995,-5991.488857142856
short,2023-09-21 03:00:00+00:00,27034.99,2023-09-21 09:00:00+00:00,26825.402285714285,trail_stop,209.58771428571708,-5781.901142857139
long,2023-09-24 11:00:00+00:00,26596.71,2023-09-24 13:00:00+00:00,26601.788,trail_stop,5.078000000001339,-5776.823142857138
short,2023-09-24 14:00:00+00:00,26588.09,2023-09-24 17:00:00+00:00,26632.45857142857,stop,-44.36857142857116,-5821.191714285709
long,2023-09-24 17:00:00+00:00,26673.07,2023-09-24 18:00:00+00:00,26674.806285714287,trail_stop,1.736285714287078,-5819.455428571422
short,2023-09-24 21:00:00+00:00,26519.35,2023-09-24 23:00:00+00:00,26250.219428571432,trail_stop,269.1305714285663,-5550.324857142856
long,2023-09-26 20:00:00+00:00,26164.19,2023-09-27 09:00:00+00:00,26326.128571428573,trail_stop,161.9385714285745,-5388.386285714281
long,2023-09-27 11:00:00+00:00,26766.69,2023-09-27 13:00:00+00:00,26591.722857142857,stop,-174.96714285714188,-5563.353428571423
short,2023-09-30 10:00:00+00:00,26978.95,2023-09-30 11:00:00+00:00,26971.30685714286,trail_stop,7.643142857141356,-5555.710285714282
long,2023-09-30 21:00:00+00:00,26999.29,2023-10-01 06:00:00+00:00,27076.26942857143,trail_stop,76.97942857143062,-5478.730857142851
short,2023-10-03 10:00:00+00:00,27625.58,2023-10-03 11:00:00+00:00,27624.094,trail_stop,1.4860000000007858,-5477.24485714285
long,2023-10-04 21:00:00+00:00,27686.6,2023-10-05 00:00:00+00:00,27726.631714285715,trail_stop,40.03171428571659,-5437.213142857134
short,2023-10-06 05:00:00+00:00,27499.99,2023-10-06 09:00:00+00:00,27693.65,stop,-193.65999999999985,-5630.873142857134
long,2023-10-06 19:00:00+00:00,27952.35,2023-10-06 21:00:00+00:00,28000.460857142858,trail_stop,48.11085714285946,-5582.762285714274
short,2023-10-08 15:00:00+00:00,27892.74,2023-10-09 04:00:00+00:00,27891.755999999998,trail_stop,0.9840000000040163,-5581.77828571427
long,2023-10-13 14:00:00+00:00,26757.08,2023-10-13 20:00:00+00:00,26932.566,trail_stop,175.48599999999715,-5406.292285714273
short,2023-10-15 13:00:00+00:00,26861.12,2023-10-15 16:00:00+00:00,26932.874285714286,stop,-71.75428571428711,-5478.04657142856
short,2023-10-18 22:00:00+00:00,28343.59,2023-10-19 01:00:00+00:00,28257.84542857143,trail_stop,85.74457142857136,-5392.301999999989
long,2023-10-19 18:00:00+00:00,28646.98,2023-10-19 21:00:00+00:00,28675.529428571426,trail_stop,28.549428571426688,-5363.752571428562
short,2023-10-26 21:00:00+00:00,34113.83,2023-10-27 02:00:00+00:00,34063.18028571428,trail_stop,50.6497142857188,-5313.102857142843
long,2023-10-28 15:00:00+00:00,34192.97,2023-10-29 11:00:00+00:00,34202.55942857143,trail_stop,9.589428571431199,-5303.513428571412
short,2023-10-31 08:00:00+00:00,34400.92,2023-10-31 14:00:00+00:00,34358.59914285714,trail_stop,42.32085714285495,-5261.192571428557
long,2023-11-01 02:00:00+00:00,34450.04,2023-11-01 12:00:00+00:00,34731.181142857145,trail_stop,281.1411428571446,-4980.0514285714125
short,2023-11-03 05:00:00+00:00,34540.72,2023-11-03 08:00:00+00:00,34499.43685714286,trail_stop,41.28314285714441,-4938.768285714268
long,2023-11-04 13:00:00+00:00,34700.36,2023-11-04 21:00:00+00:00,34768.98085714286,trail_stop,68.62085714285786,-4870.14742857141
short,2023-11-06 08:00:00+00:00,34955.34,2023-11-07 09:00:00+00:00,34858.53771428572,trail_stop,96.8022857142787,-4773.345142857132
long,2023-11-08 00:00:00+00:00,35359.82,2023-11-08 18:00:00+00:00,35425.277714285716,trail_stop,65.45771428571607,-4707.8874285714155
short,2023-11-12 09:00:00+00:00,37056.69,2023-11-12 19:00:00+00:00,37053.38771428571,trail_stop,3.302285714293248,-4704.585142857122
long,2023-11-12 22:00:00+00:00,37155.67,2023-11-12 23:00:00+00:00,36956.37714285714,stop,-199.29285714285652,-4903.877999999979
short,2023-11-13 11:00:00+00:00,36810.02,2023-11-13 14:00:00+00:00,36772.58285714286,trail_stop,37.437142857139406,-4866.440857142839
long,2023-11-15 21:00:00+00:00,37621.19,2023-11-16 09:00:00+00:00,37649.49771428572,trail_stop,28.30771428571461,-4838.133142857125
short,2023-11-17 03:00:00+00:00,36484.0,2023-11-17 11:00:00+00:00,36397.287142857145,trail_stop,86.71285714285477,-4751.42028571427
long,2023-11-18 12:00:00+00:00,36449.3,2023-11-18 15:00:00+00:00,36548.73857142857,trail_stop,99.43857142856723,-4651.981714285703
short,2023-11-21 19:00:00+00:00,36979.99,2023-11-21 22:00:00+00:00,36761.24257142857,trail_stop,218.747428571427,-4433.234285714276
long,2023-11-23 02:00:00+00:00,37335.97,2023-11-23 11:00:00+00:00,37431.98857142858,trail_stop,96.01857142857625,-4337.2157142856995
short,2023-11-26 10:00:00+00:00,37697.31,2023-11-26 12:00:00+00:00,37446.48714285714,trail_stop,250.82285714285536,-4086.392857142844
long,2023-11-28 17:00:00+00:00,38210.75,2023-11-28 23:00:00+00:00,37775.96428571429,stop,-434.7857142857101,-4521.178571428554
short,2023-11-30 09:00:00+00:00,37713.53,2023-11-30 19:00:00+00:00,37711.50257142857,trail_stop,2.027428571425844,-4519.151142857128
long,2023-12-01 09:00:00+00:00,38705.25,2023-12-01 12:00:00+00:00,38370.00428571428,stop,-335.24571428571653,-4854.396857142845
short,2023-12-07 15:00:00+00:00,43659.99,2023-12-07 17:00:00+00:00,43606.075142857146,trail_stop,53.91485714285227,-4800.481999999993
long,2023-12-08 20:00:00+00:00,44363.99,2023-12-09 01:00:00+00:00,44367.517714285714,trail_stop,3.527714285715774,-4796.954285714277
short,2023-12-10 09:00:00+00:00,43606.79,2023-12-10 15:00:00+00:00,43928.26428571429,stop,-321.4742857142919,-5118.428571428569
long,2023-12-13 20:00:00+00:00,42874.88,2023-12-13 22:00:00+00:00,43041.42314285714,trail_stop,166.54314285713917,-4951.88542857143
short,2023-12-15 16:00:00+00:00,41798.23,2023-12-16 03:00:00+00:00,42348.408571428576,stop,-550.1785714285725,-5502.064000000002
long,2023-12-19 02:00:00+00:00,43076.71,2023-12-19 14:00:00+00:00,42244.87714285714,stop,-831.8328571428574,-6333.8968571428595
short,2023-12-22 23:00:00+00:00,43969.04,2023-12-23 04:00:00+00:00,43302.510714285716,tp,666.5292857142849,-5667.367571428575
long,2023-12-24 04:00:00+00:00,43794.81,2023-12-24 05:00:00+00:00,43545.73714285714,stop,-249.07285714285536,-5916.44042857143
short,2023-12-24 18:00:00+00:00,43659.63,2023-12-24 20:00:00+00:00,43596.518571428576,trail_stop,63.11142857142113,-5853.329000000009
long,2023-12-26 04:00:00+00:00,43450.01,2023-12-26 05:00:00+00:00,43101.25714285715,stop,-348.75285714285565,-6202.0818571428645
short,2023-12-26 08:00:00+00:00,42706.41,2023-12-26 09:00:00+00:00,42442.65342857143,trail_stop,263.7565714285738,-5938.325285714291
long,2023-12-27 21:00:00+00:00,43366.2,2023-12-28 00:00:00+00:00,43428.63028571429,trail_stop,62.43028571429022,-5875.895
short,2023-12-28 22:00:00+00:00,42626.07,2023-12-29 01:00:00+00:00,42452.00314285714,trail_stop,174.0668571428614,-5701.828142857139
long,2023-12-31 06:00:00+00:00,42252.67,2023-12-31 07:00:00+00:00,42448.794,trail_stop,196.12400000000343,-5505.704142857136
